911 ACCRD & PROF COORDINATOR,
911 DATABASE SPECIALIST,
911 LOGISTICS/EQUIPMENT,
ABATEMENT MANAGER,
ABSENCE MANAGEMENT COORDINATOR,
ACCOUNT & ASSET SUPERVISOR,
ACCOUNT CLERK 1,
ACCOUNT CLERK SUPERVISOR,
ACCOUNT TECHNICIAN 1,
ACCOUNTANT,
ACCOUNTING ANALYST,
ACCOUNTING ASSITANT,
ACCOUNTING CLERK,
ACCOUNTING MANAGER,
ACCOUNTING MANAGER - REVENUE,
ACCOUNTING MGR-BUDGET & COST,
ACCOUNTING SUPERVISOR,
ACCOUNTING SYSTEM ADMIN,
ACCOUNTS PAYABLE CLERK,
ACCOUNTS RECEIVABLE ASSISTANT,
ACCOUNTS RECEIVABLE MANAGER,
ACCREDITATION-GRANTS MANAGER,
ADA COORDINATOR,
ADDRESS MANAGEMENT ADMIN,
ADM BUR BUD/CNTRCT COMPLIANCE,
ADM BUR CHILDRN/ADOLESCENT SRV,
ADM BUR HOUSING HOME/HUNGR SRV,
ADM BUR INFORMATION SYSTEMS,
ADM BUR MENTAL HEALTH SERVICES,
ADM DEVELOPMENT & BUSINESS APP,
ADM FISCAL INTEGRATED SYSTEMS,
ADM OF INMATE PROGRAMS,
ADM PROGRAM & TECH RELATIONS,
ADM REINTEGRATION ALT HOUSING,
ADMIN OF REENTRY SERVICES,
ADMIN SYSTEMS APPLICATION,
ADMINISTRATIVE ASSISTANT,
ADMINISTRATIVE ASSISTANT HR,
ADMINISTRATIVE CLERK,
ADMINISTRATIVE MANAGER,
ADMINISTRATIVE OFFICER,
ADMINISTRATIVE OFFICER 1,
ADMINISTRATIVE SEC/RECEPTION,
ADMINISTRATIVE SECRETARY,
ADMINISTRATIVE SPECIALIST,
ADMINISTRATOR - CS MGT SERV/SU,
ADMINISTRATOR AREA ON AGING,
ADMINISTRATOR BUREAU HR,
ADMINISTRATOR, DARE,
ADMINISTRATOR-DRINK/WASTE WATE,
ADMISSION COORDINATOR,
ADMISSION SERVICES MGR,
ADMN OFFICER 2\\CRD OF INFO SYS,
AGING CARE MGMNT SUPERVISOR 2,
AGING CASE AIDE 1,
AIR QUALITY ADMINSTRATOR,
AIR QUALITY ANALYST,
AIR QUALITY ELECTRONIC TECH,
AIR QUALITY ENGINEER,
AIR QUALITY MANAGER,
AIR QUALITY PROGRAM MANAGER,
AIR QUALITY SCIENTIST,
AIR QUALITY TECH,
ALTERNATIVE HOUSING COORD,
AMERICORPS PROGRAM MANAGER,
ANALYST,
ANALYST - CERTIFICATION,
ANALYST-BUSINESS/APPLICATIONS,
APPEALS BOARD SOLICITOR,
APPEALS MANAGER,
APPLICATION ANALYST,
APPLICATION SUPPORT ADMIN,
APPLIED EPIDEMIOLOGIST,
APPRAISAL SUPERVISOR,
ARBITRATION DEPUTY,
ARCHIVIST,
ARRAIGNMENT DEFENDER ATTY,
ASSESSMENT POSTING COORDINATOR,
ASSESSOR,
ASSET MANAGER,
ASSET/INVENTORY MANAGER,
ASSIST ADMIN - INFO SYSTEMS,
ASSISTANT BUSINESS OFFICE MGR,
ASSISTANT CHIEF DETECTIVE,
ASSISTANT CHIEF OF SECURITY,
ASSISTANT COUNTY SOLICITOR,
ASSISTANT DATA MANAGER,
ASSISTANT DEP DIR BH,
ASSISTANT DEPUTY ACCOUNTING,
ASSISTANT DEPUTY AUDIT,
ASSISTANT DEPUTY DIRECTOR,
ASSISTANT DEPUTY DIRECTOR, IPS,
ASSISTANT DEPUTY DIRECTOR/CYF,
ASSISTANT DIRECTOR,
ASSISTANT DIRECTOR NURSING,
ASSISTANT DISTRICT ATTORNEY,
ASSISTANT DIVISION MANAGER,
ASSISTANT FLEET MANAGER,
ASSISTANT INVESTMENT OFFICER,
ASSISTANT MANAGER,
ASSISTANT OFFICE MANAGER,
ASSISTANT PAYROLL MANAGER,
ASSISTANT PH LAB MANAGER,
ASSISTANT PURCHASING MANAGER,
ASSISTANT REFUND MANAGER,
ASSISTANT SUPERINTENDENT,
ASSISTANT SUPERVISOR,
ASSISTANT SUPERVISOR CLERK,
ASSISTANT SYSTEM ADMINISTRATOR,
ASSOCIATE MEDICAL EXAMINER,
ASST ADMISSIONS MANAGER,
ASST CAGE MANAGE/PAY MASTER,
ASST CHIEF INSPECTOR,
ASST CHIEF/911 COORDINATOR,
ASST CUSTOMER SERVICE SUP,
ASST DEP DIRECTOR MAINT OPER,
ASST DEP DIRECTOR RECREATION,
ASST DEPUTY ADMINISTRATION,
ASST DEPUTY-MANAGEMENT SYSTEMS,
ASST DIR HOUSING & HUMAN SERV,
ASST DISBURSEMENT DIV MGR,
ASST DIVISION SUPERVISOR,
ASST MANAGER - CALL CENTER,
ASST MANAGER - FINANCIAL,
ASST MGR BRIDGE ENGINEERING,
ASST MGR BUSINESS DEVELOPMENT,
ASST MGR OF MISC VOUCH & CONT,
ASST NETWORK ADMINISTRATOR,
ASST PLUMBING PROGRAM MANAGER,
ASST PRG MGR ROADS ENGINEERING,
AST DEP DIR, BRDG, CONST, & DE,
ATTORNEY,
ATTORNEY 2,
ATTORNEY 3,
ATTORNEY 4,
AUDIT MANAGER,
AUDITOR,
AUTHORITIES COORDINATOR,
AUTHORITIES MARKETING REP,
AUTO MECHANIC,
AUTO THEFT PROSECUTION CLERK,
AUTOPSY TECH,
AUTOPSY/HISTOLOGY TECH,
BARBER 1,
BAS TECH/STAT ENG ROVER,
BEAUTICIAN 1,
BENEFIT REPRESENTATIVE,
BENEFITS SUPERVISOR,
BENEFITS/HRIS ADMINISTRATOR,
BLDG AUTOMATED SYS TECH,
BOARD ADMINISTRATOR,
BOILERMAKER,
BOND FORFEITURE CLERK,
BRICKLAYER,
BUDGET ANALYST,
BUDGET SYSTEMS MANAGER,
BUILDING CUSTODIAL MANAGER,
BUILDING GUARD,
BUILDING SECURITY CAPTAIN,
BUILDING SECURITY MAJOR,
BUSINESS ANALYST,
BUSINESS ANALYST SYSTEMS ADM,
BUSINESS APPLICATIONS COORD,
BUSINESS DEVELOPMENT COORD,
BUSINESS DEVELOPMNT SPECIALIST,
BUSINESS OFFICE MANAGER,
BUSINESS SYSTEMS MANAGER,
CAD GIS COORDINATOR,
CALL CENTER CLERK,
CAPITAL BUDGET MANAGER,
CAPTAIN,
CARPENTER,
CARPENTER SUPERVISOR,
CASE AIDE,
CASE MANAGER,
CASE SUPPORT SPECIALIST,
CASEWORK PRACTITIONER,
CASEWORK SPECIALIST,
CASEWORKER (Longevity Step),
CASEWORKER - AGING (Lng Step),
CASEWORKER - CYF (lng Step),
CASEWORKER - KANE,
CASEWORKER - MHR,
CASEWORKER MANAGER,
CASEWORKER PRACTITIONER MGR,
CASEWORKER PRACTITIONER SUP,
CASEWORKER SUPERVISOR,
CASHIER,
CASHIER COORDINATOR,
CEMENT FINISHER,
CERTIFICATION TECHNICIAN,
CHAPLAIN,
CHIEF ADMINISTRATOR,
CHIEF CLERK,
CHIEF DEPUTY,
CHIEF DEPUTY FIRE MARSHAL,
CHIEF DEPUTY WARDEN,
CHIEF DETECTIVE,
CHIEF EMERG SRVC FIRE MARSHALL,
CHIEF EPIDEMOLOGIST,
CHIEF FINANCIAL OFFICER,
CHIEF INFORMATION OFFICER,
CHIEF INSPECTOR,
CHIEF INVESTIGATOR,
CHIEF LEGAL COUNCIL,
CHIEF MARKETING OFFICER,
CHIEF MEDICAL EXAMINER,
CHIEF NURSING OFFICER,
CHIEF OF COMPUTER PROCESSING,
CHIEF OF STAFF,
CHIEF PURCHASING OFFICER,
CHIEF TAX ADMINISTRATOR,
CHIEF TECHNOLOGY OFFICER,
CHIEF TRIAL DEPUTY,
CHIEF VETERANS AFFAIRS OFFICER,
CHILD CARE SUPERVISOR,
CHILD WELFARE AIDE,
CHILD WELFARE PRACTICE ANALYST,
CHILDCARE WORKER,
CHILDREN S MENTAL HLTH SPECIAL,
CIVIL ENGINEER,
CLERICAL SUPERVISOR,
CLERK,
CLERK (Longevity Step),
CLERK 1,
CLERK 10,
CLERK SUPERVISOR,
CLERK TYPIST,
CLERK TYPIST 1,
CLIENT SUPPORT MANAGER,
CLINIC MANAGER,
CLINIC NURSE COORDINATOR,
CLINIC NURSE PRACTITIONER,
CLINICAL MANAGER, CYF,
CNTRCT MONITOR TECH AST ANLYST,
COKE OVEN PROCESS TECH 1,
COLLECTOR,
COMM RELATIONS & SPEC PROJ COO,
COMMANDER,
COMMUNICATION DIRECTOR,
COMMUNICATION TECHNICIAN 1,
COMMUNICATIONS COORDINATOR,
COMMUNICATIONS MANAGER,
COMMUNITY HEALTH NURSE,
COMMUNITY OUTREACH MANAGER,
COMMUNITY OUTREACH REP,
COMPLIANCE & PRIVACY OFFICER,
COMPLIANCE ASSISTANT,
COMPLIANCE COORDINATOR,
COMPLIANCE MONITOR,
COMPUTER ANALYST 1,
COMPUTER OPERATOR,
CONCESSIONAIRE MANAGER,
CONSTRUCTION INSPECTOR,
CONSTRUCTION SUPERVISOR,
CONTRACT ADMINISTRATOR,
CONTRACT COMPLIANCE SPECIALIST,
CONTRACT COORDINATOR,
CONTRACT EXAMINER,
CONTRACT MANAGEMENT SPECIALIST,
CONTRACT MONITOR SPECIALIST,
CONTRACT/CERTIFICATION GEN,
CONTRACTS & GRANTS MANAGER,
CONTROLLER,
COOK,
COORDINATOR - COMM PROJECTS,
COORDINATOR - HEALTH ENROLLMEN,
COORDINATOR - PRIM,
COORDINATOR SPECIAL BALLOTS,
COORDINATOR SPECIAL RECORDS,
COORDINATOR STRATEGIC ANALYTIC,
COORDINATOR VOTING MACHINES,
COORDINATOR-HOMELAND SECURITY,
COORDINATOR-MARKETING & PROMO,
COORDINATOR/GRAPHIC DESIGNER,
CORRECTIONAL OFFICER,
COUNTY CHIEF INVESTMNT OFFICER,
COUNTY EXECUTIVE,
COUNTY MANAGER,
COUNTY SOLICITOR,
COUNTY STATS ANALYST,
CUSTODIAL WORKER,
CUSTOMER SERVICE MANAGER,
CUSTOMER SERVICE SPECIALIST,
CUSTOMER SERVICE SUPERVISOR,
D&A ASSMNT & PLCMNT COORD,
DATA CENTER FAC ENGINEER,
DATA CLERK,
DATA ENTRY CLERK 1,
DATA ENTRY CLERK 2,
DATA ENTRY OPERATOR 1,
DATA PROCESSING MANAGER,
DATA SECURITY COORDINATOR,
DATA TECH 1,
DENTAL ADMINISTRATOR,
DENTAL ASSISTANT 1,
DENTAL HYGIENIST,
DEP DIR CHILD YOUTH/FAMILY SRV,
DEP DIR ENVIRONMENTAL HEALTH,
DEP DIR MAINTENANCE OPERATIONS,
DEP DIR OFF BEHAVIORAL HEALTH,
DEP DIR OFFICE COMMUNTY RELAT,
DEP DIR PUB POLICY & COMM REL,
DEP DIR, OFF MR/DVLP DISABIL,
DEP DIRECTOR FACILITIES MAINT,
DEP FIRE MARSHAL/K-9 HANDLER,
DEP TREAS\\FINANCE & ACCOUNTING,
DEPUTY ADMINISTRATOR,
DEPUTY CHIEF INFORMATN OFFICER,
DEPUTY CHIEF PURCHAS OFFICER,
DEPUTY CONTROLLER,
DEPUTY COUNTY MANAGER,
DEPUTY DIR JUVENILE DIVISION,
DEPUTY DIRECTOR,
DEPUTY DIRECTOR - FIRE/EMS,
DEPUTY DIRECTOR ADMINISTRATION,
DEPUTY DIRECTOR CHP & DP,
DEPUTY DIRECTOR FISCAL/ADMIN,
DEPUTY DIRECTOR OF OPERATIONS,
DEPUTY DIRECTOR POST TRIAL DIV,
DEPUTY DIRECTOR PRETRIAL DIV,
DEPUTY DIRECTOR RECREATION,
DEPUTY DIRECTOR TRIAL DIVISION,
DEPUTY DIRECTOR, ADMINISTRATIO,
DEPUTY DIRECTOR, D.A.R.E.,
DEPUTY DIRECTOR-MAJ FELONY UNI,
DEPUTY DISTRICT ATTORNEY,
DEPUTY FIRE MARSHAL 1,
DEPUTY HEALTH SERVICES ADMIN,
DEPUTY MEDICAL EXAMINER,
DEPUTY SHERIFF,
DEPUTY TREASURER IT,
DEPUTY WARDEN,
DETECTIVE,
DETECTIVE CAPTAIN,
DETOXIFICATION NURSE COORD,
DEVELOPER,
DEVELOPMENT SPECIALIST,
DIETITIAN,
DIGITAL FORENSIC ANALYST,
DIR LEG SERVICES & CHIEF CLERK,
DIR PERFORMANCE & ANALYTICS,
DIR SUBSTANCE ABUSE TREAT SERV,
DIRECTOR,
DIRECTOR - STAFF EDUCATION,
DIRECTOR COMMUNICATIONS,
DIRECTOR COMMUNITY OUTREACH,
DIRECTOR OF ADMINISTRATION,
DIRECTOR OF EDUCATION,
DIRECTOR OF MENTAL HEALTH,
DIRECTOR OF NURSING,
DIRECTOR S ACTION LINE MGR,
DIRECTOR S ACTION LINE SPECIAL,
DIRECTOR SERVER ADMINISTRATION, "DIRECTORS ACTION LINE SUP",
DISBURSEMENT DIVISION MANAGER,
DISCHARGE PLANNER,
DISCHARGE PLANNER - PT,
DISTRICT ATTORNEY,
DISTRICT RECREATION SUPERVISOR,
DIVISION CHIEF-TRAINING ACADEM,
DIVISION MANAGER,
DIVORCE CLERK,
DOCKET CLERK,
DOCUMENT ADMINISTRATOR,
DRIVER,
DRIVER - SEASONAL,
DRUG COURT PARALEGAL,
DRUG/ALCOHOL PROGRAM SPECIALST,
ECM ANALYST,
EDUCATION & OUTREACH COORD,
ELDER LAW LIASON/PARALEGAL,
ELECTION OFFICE COORDINATOR,
ELECTRICIAN,
ELECTRICIAN SUPERVISOR,
ELIBILITY WORKER 1,
EMA SPECIALIST,
EMERG MGT HAZMAT COORDINATOR,
EMERGENCY 911 CAD TECH,
EMERGENCY OPERATIONS MANAGER,
EMPLOYEE RELATIONS COORDINATOR,
EMPLOYEE RELATIONS MANAGER,
EMPLOYMENT ANALYST,
EMRGNCY PREPARED/RESPONSE MGR,
ENGINEERING PROCESS TECH 1,
ENGINEERING TECHNICIAN,
ENTERPRISE CONTENT/RECORDS ADM,
ENVIRONMENTAL ENGINEER,
ENVIRONMENTAL HEALTH ADMIN,
ENVIRONMENTAL HEALTH SPECIALST,
ENVIRONMENTAL HEALTH SPRV,
ENVIRONMENTAL HLTH ENGINEER TR,
ENVIRONMENTAL SERVICE MANAGER,
ENVIRONMENTAL SERVICES AST,
ENVIRONMENTAL SPECIALIST,
EPI RESEARCH ASSOC SUPERVISOR,
EPIDEMIOLOGY RESEARCH ASSOC,
EQUIPMENT OPERATOR C1A,
EQUIPMENT OPERATOR SUPERVISOR,
EXEC SECRETARY/OFFICE MGR,
EXECUTIVE ADMINISTRATIVE ASST.,
EXECUTIVE ASSISTANT,
EXECUTIVE ASST TO THE WARDEN,
EXECUTIVE DEPUTY DIRECTOR,
EXECUTIVE DIRECTOR,
EXECUTIVE OFFICE MANAGER,
EXECUTIVE SECRETARY,
EXECUTIVE SECRETARY/PAYROLL,
FACILITIES COORDINATOR,
FACILITIES MANAGER,
FACILITY OFFICER,
FARM AIDE 1,
FELLOW,
FIELD AUDITOR,
FIELD MAINTENANCE MANAGER,
FIELD MANAGER,
FINANCE MANAGER,
FINANCIAL ANALYST,
FINANCIAL MANAGER,
FINANCIAL MANAGER - CYF,
FINANCIAL MANAGER, CENTRAL,
FIRE ACADEMY ADMINISTRATOR,
FIRE INSTRUCTOR,
FIRE INSTRUCTOR - PART TIME,
FIRST ASST DA/CHIEF OF STAFF,
FISCAL ANALYST,
FISCAL CLERK,
FISCAL EVALUATOR,
FISCAL MANAGER,
FISCAL OFFICER,
FISCAL TECHNICIAN,
FOOD SAFETY PROGRAM MANAGER,
FOOD SERVICE SUPERVISOR,
FOOD SERVICE WORKER,
FOREMAN BUILDING MAINTENANCE,
FORENSIC EVIDENCE COORDINATOR,
FORENSIC EVIDENCE SPECIALIST,
FORENSIC INVESTIGATOR,
FORENSIC SUPERVISOR,
FORFEIT ATTORNEY,
GENERAL CASHIER,
GEOGRAPHIC INFO SYSTEM MANAGER,
GIS ANALYST,
GIS TECHNICIAN,
GOLF PRO,
GRADUATE PRACTICE NURSE,
GRANT BUDGET MANAGER,
GRANTS & BUDGET ANALYST,
GREENSKEEPER,
HCE SENIOR SANITARIAN,
HEAD COOK,
HEALTH SERVICES ADMINISTRATOR,
HEALTH SERVICES ASSISTANT,
HEALTHCARE CONTRACT MONITOR,
HEAVY EQUIPMENT MECHANIC,
HELP DESK SUPPORT,
HIV PREP NAVIGATOR,
HOMEMAKER,
HOUSEKEEPER,
HOUSEKEEPING FOREMAN,
HOUSING DEVELOPMENT COORD,
HOUSING SERVICE SPECIALIST,
HR GENERALIST,
HR MANAGER,
HUMAN RESOURCE DIRECTOR,
HUMAN RESOURCE MANAGER,
HUMAN RESOURCE/PAYROLL ANALYST,
HUMAN RESOURCES ASSISTANT,
HUMAN RESOURCES GENERALIST,
HUMAN RESOURCES MANAGER,
IDENTIFICATION TECHNICIAN 1,
IMPACT COORDINATOR,
INFECTIOUS CONTROL COORDINATOR,
INFECTIOUS DISEASE COORDINATOR,
INFORMATION SYSTEMS MANAGER,
INFORMATION TECH GENERALIST,
INFORMATION TECHNICIAN,
INFORMATION TECHNOLOGY MANAGER,
INFORMATION TECHNOLOGY SPEC,
INFRASTRUCTURE OPERATIONS MGR,
INFRASTRUCTURE SUPERVISOR,
INMATE RECORDS CLERK,
INSPECTOR,
INSPECTOR - TANK,
INSPECTOR 2,
INSPECTOR/LIASON OFFICER,
INSURANCE FRAUD CLERK,
INTAKE MANAGER,
INTAKE PARALEGAL,
INTERN,
INTERNAL AFFAIRS INVESTIGATOR,
INTERPRETIVE NATURALIST,
INVENTORY TECHNICIAN,
INVESTIGATOR,
IPV PROGRAM COORDINATOR,
IRONWORKER SUPERVISOR,
IT PLATFORM MANAGER,
IT PROJECT ADMINISTRATOR,
IT PROJECT MANAGER,
IT SYSTEMS SUPERVISOR,
JDE ANALYST,
JDE PROJECTS ASSOCIATE,
LAB INFO MANAGE APP MANAGER,
LABOR COMPLIANCE SPECIALIST,
LABOR FOREMAN,
LABOR RELATIONS ASSISTANT,
LABORATORY MANAGER,
LABORATORY TECHNICIAN Off step,
LABORER,
LANDSCAPE ARCHITECT,
LAUNDRY EQUIPMENT OPERATOR,
LAUNDRY WORKER,
LEAD BLDG AUTOMATED SYS TECH,
LEAD CLERK,
LEAD ENGINEER,
LEAD INSTRUCTOR 911,
LEAD SUPERVISING PARK RANGER,
LEGAL ASSISTANT,
LEGAL CLERK,
LEGAL INTAKE CLERK,
LEGAL INTERN,
LEGAL RESEARCH ASSISTANT,
LEGAL SECRETARY,
LEGAL SECRETARY 1/,
LEGISLATIVE ACTS ADMINISTRATOR,
LEGISLATIVE ACTS COORDINATOR,
LICENSE CASHIER,
LICENSE DIVISION MANAGER,
LICENSED PRACTICAL NURSE,
LICENSED PRACTICAL NURSE - PT,
LIEUTENANT,
MACHINE OPERATOR,
MAIL PROCESSOR 1,
MAIL SERVICE ADMINISTRATOR,
MAILROOM MANAGER,
MAINTENANCE SUPERVISOR,
MAJOR,
MANAGEMENT ANALYST,
MANAGER,
MANAGER - ACCOUNTS PAYABLE,
MANAGER - ADMINISTRATION 911,
MANAGER - BUDGET,
MANAGER - MAPPING,
MANAGER - OPERATIONAL DEVELOP,
MANAGER 1 - OPERATIONS,
MANAGER ACCOUNTING,
MANAGER ADMINISTRATIVE SERVICE,
MANAGER BALLOT RETURNS,
MANAGER BRIDGE/OPERATION TECH,
MANAGER COMPENSATION SYSTEM,
MANAGER CONSTRUCTION ENGINEER,
MANAGER CONTRACT COMPLIANCE,
MANAGER CONTRACTS,
MANAGER ENVIRONMENTAL SERVICE,
MANAGER FISCAL SERVICE,
MANAGER FLEET SERVICES,
MANAGER GRAPHIC SERVICES,
MANAGER GRAPHICS/REPRODUCTION,
MANAGER HEALTH SERVICES,
MANAGER LAND RECORDS,
MANAGER OF ADMINISTRATIN,
MANAGER OF BUDGET & ACCOUNTING,
MANAGER OF INVESTIGATION,
MANAGER OF OPERATIONS,
MANAGER OF REAL ESTATE & ADMIN,
MANAGER OF RECONCILIATION,
MANAGER OF TRAINING,
MANAGER OPERATIONS,
MANAGER PROPERTY VALUATION,
MANAGER PURCHASING SERVICE,
MANAGER REAL ESTATE,
MANAGER REGISTRATION,
MANAGER SPECIAL EVENTS,
MANAGER, PERSONNEL,
MANAGER-PRETRIAL,
MANAGER-PROCUREMENT,
MANAGER-ROAD OPS & TECH SERV,
MANAGER-TRIAL,
MARBLE SETTER,
MARKETING ASSISTANT,
MARRIAGE LICENSE SUPERVISOR,
MASTER FILE SPECIALIST,
MATERIAL HANDLER,
MATERIAL MANAGEMENT MANAGER,
MATERIALS LABORATORY ASSISTANT,
MCH COMMUNITY RESIDENT WORK 1,
MED ASTNC TRANS PGRMS OPER OFF,
MEDICAL ASSISTANT,
MEDICAL ASSISTANT - PT,
MEDICAL EPIDEMIOLOGIST,
MEDICAL RECORD TRANS 1,
MEDICAL RECORDS CLERK,
MEDICAL RECORDS CLERK - PT,
MEDICAL RECORDS SUPERVISOR,
MEDICAL RECORDS TECHNICIAN 1,
MEDICAL SECRETARY,
MENTAL HEALTH REG NURSE,
MENTAL HEALTH REG NURSE - PT,
MENTAL HEALTH SPECIALIST,
MENTAL HEALTH SPECIALIST - PT,
MESSENGER,
MGR ABSENTEE BALLOTS & EXP ACC,
MGR CONSTRUCTION & PROCUREMENT,
MGR EMPLOYMENT AND COMP,
MGR GEO TECH/FED HIGHWAY PROJ,
MGR INFO, REFERRAL/EMRG SVC,
MGR, MR/DVLOPMNT DISABILITIES,
MICROBIOLOGIST,
MICROBIOLOGY TECHNICIAN 1,
MODIFIED DUTY ASSISTANT,
NETWORK ADMINISTRATOR,
NETWORK ENGINEER,
NETWORK/DATA CF MANAGER,
NFP PH NURSE,
NORTH PARK OFFICE MANAGER,
NURSE RECRUITER,
NURSING ASSISTANT,
NUTRITIONAL SERVICES ASST Off,
OFFENDER MANAGEMENT SYS COORD,
OFFENDER MANAGEMENT SYS SPECL,
OFFICE ADMINSTRATOR,
OFFICE MANAGER,
OFFICER - FIXED ASSETS/PROCURE,
OPERATIONS COORDINATOR,
OPERATIONS MANAGER,
OPIOID OVERDOSE PRG PRT LIAISO,
ORACLE DATABASE ADMINISTRATOR,
PAINTER 613,
PAINTER SUPERVISOR,
PARALEGAL,
PARK MAINTENANCE MANAGER,
PARK RANGER,
PARKING LOT OPERATOR,
PARKS SUPERINTENDENT,
PART TIME CHAPLAIN,
PAVING SUPERVISOR,
PAYROLL ANALYST,
PAYROLL CLERK,
PAYROLL MANAGER,
PAYROLL SPECIALIST,
PAYROLL TECHNICIAN,
PAYROLL/FORFEITURE CLERK,
PAYROLL/TECHNOLOGY COORDINATOR,
PC COMMUNICATIONS ENGINEER,
PDW & WM PROGRAM MANAGER,
PEER COACH SPECIALIST,
PEER COACH SUPERVISOR,
PER DIEM LP NURSE,
PER DIEM REGISTERED NURSE,
PERMITS INSPECTOR,
PERMITS MANAGER,
PERSONNEL ANALYST,
PERSONNEL ASSISTANT,
PH ADMINISTRATOR,
PH EMERGENCY RESPONSE COORD,
PH PROGRAM REPRESENTATIVE,
PHARMACY OFFICE MANAGER,
PHARMACY TECHNICIAN,
PHARMACY TECHNICIAN 1,
PLANNER,
PLASTERER,
PLUMBER,
PLUMBER FOREMAN,
PLUMBER SUPERVISOR,
PLUMBING INSPECTOR,
PLUMBING PROGRAM MANAGER,
POLICE ANALYST,
POLICE INTEL ANALYST PT,
POLICE OFFICER,
POLICY SPECIALIST,
PROBATE CLERK,
PROCESS CLERK,
PROCESSING SPECIALIST,
PRODUCTION MANAGER,
PROFESSIONAL DEVELOPMENT SPEC,
PROGRAM MANAGER,
PROGRAMMER,
PROJ MGR-LANDSCAPE DESG & DEV,
PROJECT COORDINATOR,
PROJECT MANAGER,
PROPOSAL & CONTRACT ANALYST,
PSYCHIATRIC AIDE,
PSYCHIATRIC AIDE - PT,
PT FOOD SERVICE WORKER,
PT HOUSEKEEPER,
PT LAW CLERK,
PT MEDICAL RECORD CLERK,
PT REGISTERD NURSE,
PT TELECOMMUNICATION OFFICER,
PUBLIC HEALTH ADMINISTRATOR,
PUBLIC HEALTH ASSISTANT 1,
PUBLIC HEALTH EDUCATOR,
PUBLIC HEALTH INFO COORDINATOR,
PUBLIC HEALTH INFORMATION OFF,
PUBLIC HEALTH LAB DIRECTOR,
PUBLIC HEALTH LABORATORY SPR,
PUBLIC HEALTH NURSE,
PUBLIC HEALTH NURSE SUPERVISOR,
PUBLIC HEALTH NUTRITIONIST,
PUBLIC HEALTH NUTRITIONIST SUP,
PUBLIC HEALTH PROGRM REP SUPV,
PUBLIC HEALTH PROGRM REPRESENT,
PUBLIC HLTH NUTRITION ADMIN TR,
PUBLIC INFORMATION OFFICER,
PURCHASE AGENT,
PURCHASING ADMINISTRATOR,
PURCHASING ASSISTANT,
PURCHASING CLERK,
PURCHASING MANAGER,
PURCHASING SPECIALIST,
PURCHASING TECHNICIAN,
QUALITY ASSURANCE COORDINATOR,
QUALITY IMPROVEMENT DIRECTOR,
QUALITY IMPROVEMENT SPECIALIST,
RADIO SYSTEMS COORDINATOR,
RANGER - PART TIME,
RANGER - SEASONAL,
RE TAX SYSTEM APPLICATION SUP,
RE-DEVELOPMENT COORDINATOR,
REAL ESTATE ACCOUNTING TECH,
REAL ESTATE CLERK,
REAL ESTATE INFORMATIN CLERK,
REAL ESTATE RECORDING TECH,
RECEPTIONIST,
RECEPTIONIST/SECRETARY,
RECONCILIATION SUPERVISOR,
RECORD RETENTION SPECIALIST,
RECORDS COORDINATOR,
RECORDS OPERATIONS MANAGER,
RECREATION AIDE,
RECREATIONAL THERAPIST,
RECREATIONAL THERAPIST SUPV,
REGIONAL CENTER ADMINISTRATOR,
REGIONAL MAINTENANCE SPRV,
REGIONAL OFFICE MANAGER,
REGIONAL PARK MAINTENANCE SPV,
REGISTERED NURSE,
REGISTERED NURSE - PT,
REGISTRAR TECHNICIAN 1,
REIMBURSEMENT MANAGER,
RESIDENT ACCOUNTS SPECIALIST,
RESIDENT FOOD SERVICE MANAGER,
RESIDENTIAL SERVICES MANAGER,
RESOURCE SERVICES MANAGER,
RESOURCE SERVICES SPECIALIST,
RETIREMENT CLERK - PT,
REVENUE & CLAIMING MANAGER,
RIGHT OF WAY ADMINISTRATOR,
RISK MANAGER,
RN RESIDENT CARE COORDINATOR,
ROOFER,
SAFETY & COMPLIANCE OFFICER,
SAFETY OFFICER,
SCIENTIST,
SEASONAL AIDE,
SEASONAL CLERK,
SECRETARIAL SUPERVISOR,
SECRETARY,
SECRETARY 1 (LONGEVITY STEP),
SECURITY ANALYST,
SECURITY MANAGER,
SENIOR ACCOUNT SUPERVISOR,
SENIOR ADMINISTRATIVE ASST.,
SENIOR ANALYST,
SENIOR CERTIFICATION ANALYST,
SENIOR COUNTY STAT ANALYST,
SENIOR DEPUTY DIRECTOR,
SENIOR DEVELOPER,
SENIOR FISCAL ANALYST,
SENIOR FISCAL CLERK,
SENIOR HOUSING DEVELOPER,
SENIOR IDENTIFICATION TECH 1,
SENIOR INVESTIGATOR,
SENIOR MAIL PROCESSOR 1,
SENIOR PARK RANGER,
SENIOR PAYROLL CLERK,
SENIOR PLAN SPECIALIST CYF,
SENIOR SECRETARY,
SENIOR SECURITY ANALYST,
SERGEANT,
SERVER ADMINISTRATOR,
SERVER SPECIALIST,
SHERIFF,
SHIFT COMMANDER,
SIGN CRAFTSMAN,
SIGN CRAFTSMAN FOREMAN,
SOCIAL WORKER,
SOCIAL WORKER TRAIN SPECIALIST,
SOFTWARE ENGINEER,
SOFTWARE SUPERVISOR MANAGER,
SOLICITOR,
SPECIAL ASSESSMENT ADMIN,
SPECIAL EVENTS COORDINATOR,
SPECIAL RECORD,
SPECIAL RECORDS COORDINATOR,
SPECIAL RECORDS EXAMINER,
SPECIALIST - EMA COMP/FLEET,
SPECIALIST - NIBIN,
SPV MH CHILDREN/ADOLESCENT SRV,
SPV, HUNGER & HOUSING SRVS,
SR APPLICATIONS ANALYST,
SR ASSISTANT COUNTY SOLICITOR,
SR COORDINATOR VOTING MACHINES,
SR DUPLICATION EQUIP OPER 1,
SR HUMAN RESOURCES ASSISTANT,
SR JDE ANALYST,
SR JDE HELP DESK TECHNICIAN,
SR ORACLE PROGRAMMER,
SR PAYROLL TECHNICIAN,
SR TREASURY AGENT,
SR. BENEFIT REPRESENTATIVE,
STABLE WORKER,
STAFF EDUCATOR,
STAFFING MANAGER,
STAFFING SPECIALIST,
STATIONARY ENGINEER,
STATIONERY ENGINEER SUPERVISOR,
STATISTICAL ADMINISTRATOR,
STEAMFITTER,
STOREROOM CLERK 1,
STRUCTURAL IRON WORKER,
STUDENT INTERN,
SUBSTANCE ABUSE COUNSELOR,
SUBSTANCE ABUSE COUNSELOR - PT,
SUPERINTENDENT CONST INSPECTOR,
SUPERINTENDENT OF POLICE,
SUPERVISOR,
SUPERVISOR - EPID RES ASSOC,
SUPERVISOR - FISCAL,
SUPERVISOR AUDITOR,
SUPERVISOR COMPUTER OPERATIONS,
SUPERVISOR CONTRACT COMPLIANCE,
SUPERVISOR CONTRACTS,
SUPERVISOR DRUG/ALCOHOL SRVCS,
SUPERVISOR OF PERMITS,
SUPERVISOR PLUMBING INSPECTORS,
SUPERVISOR VOTING REGISTRATION,
SUPERVISOR, CASE WORK SPEC,
SUPERVISOR, CONTRACT MONITORIN,
SUPPLY CLERK,
SUPPORT SPECIALIST,
SUSTAINABILITY MANAGER,
SUSTAINABILITY SPECIALIST,
SYSTEM ANALYST,
SYSTEMS /PROGRAM SUPERVISOR,
SYSTEMS ADMINISTRATOR,
SYSTEMS ENGINEER,
SYSTEMS MANAGER,
SYSTEMS TECHNICIAN,
TAX CASHIER,
TAX COLLECTION SPECIALIST,
TAX REFUND MANAGER,
TAXER,
TECHNICAL SUPPORT ENGINEER,
TECHNICIAN,
TECHNICIAN - VIDEO,
TELECOMMUNICATION OFFICER,
TELECOMMUNICATIONS UTILITY MGR,
TELEPHONE OPERATIONS ADMIN,
TEMP CARPENTER,
THERAPY AIDE,
TRAFFIC SAFETY ADMINISTRATOR,
TRAFFIC SUPERVISOR,
TRAINING ADMINISTRATOR,
TRAINING MANAGER,
TRANSPORT UTILITY WORKER,
TRANSPORTATION WORKER 1,
TREASURER,
TREASURER CLERK,
TREASURY AGENT,
TREATMENT SERVICES COORDINATOR,
TRIAL DEFENDER,
TRIAL DEFENDER 2,
TRIAL DEFENDER 3,
TRIAL DEFENDER 4,
TROWEL TRADES SUPERVISOR,
TUCK POINTER,
UNIT CLERK 1,
UNIX SYSTEMS ADMIN/PROJECT MNG,
UTILITY COORDINATOR,
UTILITY MANAGER,
UTILITY WORKER,
VALUATION ANALYST,
VECTOR CONTROL SPECIALIST,
VENUE & MARKETING COORDINATOR,
VETERANS SERVICE OFFICER,
VIDEO ARRAIGNMENT COORDINATOR,
VIDEOGRAPHER/PHOTOGRAPHER,
VOIP ADMINISTRATOR,
VOTING MACHINE MANAGER,
WARDEN,
WAREHOUSE CLERK,
WARRANT CLERK,
WEB DEVELOPER,
WIC PROGRAM MANAGER,
WORKFLOW COORDINATOR,
WORKFLOW TECHNICIAN 1,
WORKFORCE DIVERSITY SPECIALIST,
WRIT CLERK
